id,area_id,day_type,hour_start,hour_end,congestion_multiplier
1,1,weekday,0,1,0.373
2,1,weekday,1,2,0.374
3,1,weekday,2,3,0.383
4,1,weekday,3,4,0.415
5,1,weekday,4,5,0.839
6,1,weekday,5,6,0.988
7,1,weekday,6,7,1.495
8,1,weekday,7,8,1.479
9,1,weekday,8,9,1.489
10,1,weekday,9,10,1.227
11,1,weekday,10,11,1.128
12,1,weekday,11,12,0.974
13,1,weekday,12,13,0.986
14,1,weekday,13,14,1.172
15,1,weekday,14,15,1.219
16,1,weekday,15,16,1.079
17,1,weekday,16,17,1.553
18,1,weekday,17,18,1.544
19,1,weekday,18,19,1.447
20,1,weekday,19,20,1.048
21,1,weekday,20,21,0.994
22,1,weekday,21,22,1.048
23,1,weekday,22,23,0.374
24,1,weekday,23,24,0.374
25,1,weekend,0,1,0.385
26,1,weekend,1,2,0.361
27,1,weekend,2,3,0.351
28,1,weekend,3,4,0.411
29,1,weekend,4,5,0.906
30,1,weekend,5,6,1.048
31,1,weekend,6,7,1.612
32,1,weekend,7,8,1.597
33,1,weekend,8,9,1.632
34,1,weekend,9,10,1.052
35,1,weekend,10,11,0.943
36,1,weekend,11,12,0.753
37,1,weekend,12,13,0.764
38,1,weekend,13,14,1.047
39,1,weekend,14,15,0.989
40,1,weekend,15,16,1.049
41,1,weekend,16,17,1.664
42,1,weekend,17,18,1.701
43,1,weekend,18,19,1.538
44,1,weekend,19,20,1.18
45,1,weekend,20,21,1.131
46,1,weekend,21,22,1.14
47,1,weekend,22,23,0.387
48,1,weekend,23,24,0.36
49,2,weekday,0,1,0.373
50,2,weekday,1,2,0.374
51,2,weekday,2,3,0.383
52,2,weekday,3,4,0.415
53,2,weekday,4,5,0.839
54,2,weekday,5,6,0.988
55,2,weekday,6,7,1.495
56,2,weekday,7,8,1.479
57,2,weekday,8,9,1.489
58,2,weekday,9,10,1.227
59,2,weekday,10,11,1.128
60,2,weekday,11,12,0.974
61,2,weekday,12,13,0.986
62,2,weekday,13,14,1.172
63,2,weekday,14,15,1.219
64,2,weekday,15,16,1.079
65,2,weekday,16,17,1.553
66,2,weekday,17,18,1.544
67,2,weekday,18,19,1.447
68,2,weekday,19,20,1.048
69,2,weekday,20,21,0.994
70,2,weekday,21,22,1.048
71,2,weekday,22,23,0.374
72,2,weekday,23,24,0.374
73,2,weekend,0,1,0.385
74,2,weekend,1,2,0.361
75,2,weekend,2,3,0.351
76,2,weekend,3,4,0.411
77,2,weekend,4,5,0.906
78,2,weekend,5,6,1.048
79,2,weekend,6,7,1.612
80,2,weekend,7,8,1.597
81,2,weekend,8,9,1.632
82,2,weekend,9,10,1.052
83,2,weekend,10,11,0.943
84,2,weekend,11,12,0.753
85,2,weekend,12,13,0.764
86,2,weekend,13,14,1.047
87,2,weekend,14,15,0.989
88,2,weekend,15,16,1.049
89,2,weekend,16,17,1.664
90,2,weekend,17,18,1.701
91,2,weekend,18,19,1.538
92,2,weekend,19,20,1.18
93,2,weekend,20,21,1.131
94,2,weekend,21,22,1.14
95,2,weekend,22,23,0.387
96,2,weekend,23,24,0.36
97,3,weekday,0,1,0.373
98,3,weekday,1,2,0.374
99,3,weekday,2,3,0.383
100,3,weekday,3,4,0.415
101,3,weekday,4,5,0.839
102,3,weekday,5,6,0.988
103,3,weekday,6,7,1.495
104,3,weekday,7,8,1.479
105,3,weekday,8,9,1.489
106,3,weekday,9,10,1.227
107,3,weekday,10,11,1.128
108,3,weekday,11,12,0.974
109,3,weekday,12,13,0.986
110,3,weekday,13,14,1.172
111,3,weekday,14,15,1.219
112,3,weekday,15,16,1.079
113,3,weekday,16,17,1.553
114,3,weekday,17,18,1.544
115,3,weekday,18,19,1.447
116,3,weekday,19,20,1.048
117,3,weekday,20,21,0.994
118,3,weekday,21,22,1.048
119,3,weekday,22,23,0.374
120,3,weekday,23,24,0.374
121,3,weekend,0,1,0.385
122,3,weekend,1,2,0.361
123,3,weekend,2,3,0.351
124,3,weekend,3,4,0.411
125,3,weekend,4,5,0.906
126,3,weekend,5,6,1.048
127,3,weekend,6,7,1.612
128,3,weekend,7,8,1.597
129,3,weekend,8,9,1.632
130,3,weekend,9,10,1.052
131,3,weekend,10,11,0.943
132,3,weekend,11,12,0.753
133,3,weekend,12,13,0.764
134,3,weekend,13,14,1.047
135,3,weekend,14,15,0.989
136,3,weekend,15,16,1.049
137,3,weekend,16,17,1.664
138,3,weekend,17,18,1.701
139,3,weekend,18,19,1.538
140,3,weekend,19,20,1.18
141,3,weekend,20,21,1.131
142,3,weekend,21,22,1.14
143,3,weekend,22,23,0.387
144,3,weekend,23,24,0.36
145,4,weekday,0,1,0.561
146,4,weekday,1,2,0.562
147,4,weekday,2,3,0.568
148,4,weekday,3,4,0.59
149,4,weekday,4,5,0.887
150,4,weekday,5,6,0.991
151,4,weekday,6,7,1.347
152,4,weekday,7,8,1.335
153,4,weekday,8,9,1.343
154,4,weekday,9,10,1.159
155,4,weekday,10,11,1.089
156,4,weekday,11,12,0.982
157,4,weekday,12,13,0.99
158,4,weekday,13,14,1.12
159,4,weekday,14,15,1.154
160,4,weekday,15,16,1.055
161,4,weekday,16,17,1.387
162,4,weekday,17,18,1.381
163,4,weekday,18,19,1.313
164,4,weekday,19,20,1.033
165,4,weekday,20,21,0.996
166,4,weekday,21,22,1.033
167,4,weekday,22,23,0.562
168,4,weekday,23,24,0.562
169,4,weekend,0,1,0.569
170,4,weekend,1,2,0.553
171,4,weekend,2,3,0.545
172,4,weekend,3,4,0.587
173,4,weekend,4,5,0.934
174,4,weekend,5,6,1.033
175,4,weekend,6,7,1.429
176,4,weekend,7,8,1.418
177,4,weekend,8,9,1.442
178,4,weekend,9,10,1.036
179,4,weekend,10,11,0.96
180,4,weekend,11,12,0.827
181,4,weekend,12,13,0.835
182,4,weekend,13,14,1.033
183,4,weekend,14,15,0.993
184,4,weekend,15,16,1.034
185,4,weekend,16,17,1.465
186,4,weekend,17,18,1.49
187,4,weekend,18,19,1.377
188,4,weekend,19,20,1.126
189,4,weekend,20,21,1.092
190,4,weekend,21,22,1.098
191,4,weekend,22,23,0.571
192,4,weekend,23,24,0.552
193,5,weekday,0,1,0.122
194,5,weekday,1,2,0.123
195,5,weekday,2,3,0.136
196,5,weekday,3,4,0.181
197,5,weekday,4,5,0.775
198,5,weekday,5,6,0.983
199,5,weekday,6,7,1.693
200,5,weekday,7,8,1.67
201,5,weekday,8,9,1.685
202,5,weekday,9,10,1.318
203,5,weekday,10,11,1.179
204,5,weekday,11,12,0.964
205,5,weekday,12,13,0.98
206,5,weekday,13,14,1.241
207,5,weekday,14,15,1.307
208,5,weekday,15,16,1.11
209,5,weekday,16,17,1.774
210,5,weekday,17,18,1.762
211,5,weekday,18,19,1.625
212,5,weekday,19,20,1.067
213,5,weekday,20,21,0.991
214,5,weekday,21,22,1.067
215,5,weekday,22,23,0.123
216,5,weekday,23,24,0.124
217,5,weekend,0,1,0.139
218,5,weekend,1,2,0.105
219,5,weekend,2,3,0.091
220,5,weekend,3,4,0.175
221,5,weekend,4,5,0.868
222,5,weekend,5,6,1.067
223,5,weekend,6,7,1.857
224,5,weekend,7,8,1.835
225,5,weekend,8,9,1.885
226,5,weekend,9,10,1.072
227,5,weekend,10,11,0.921
228,5,weekend,11,12,0.654
229,5,weekend,12,13,0.67
230,5,weekend,13,14,1.066
231,5,weekend,14,15,0.985
232,5,weekend,15,16,1.069
233,5,weekend,16,17,1.93
234,5,weekend,17,18,1.981
235,5,weekend,18,19,1.753
236,5,weekend,19,20,1.252
237,5,weekend,20,21,1.184
238,5,weekend,21,22,1.196
239,5,weekend,22,23,0.142
240,5,weekend,23,24,0.104
241,6,weekday,0,1,0.561
242,6,weekday,1,2,0.562
243,6,weekday,2,3,0.568
244,6,weekday,3,4,0.59
245,6,weekday,4,5,0.887
246,6,weekday,5,6,0.991
247,6,weekday,6,7,1.347
248,6,weekday,7,8,1.335
249,6,weekday,8,9,1.343
250,6,weekday,9,10,1.159
251,6,weekday,10,11,1.089
252,6,weekday,11,12,0.982
253,6,weekday,12,13,0.99
254,6,weekday,13,14,1.12
255,6,weekday,14,15,1.154
256,6,weekday,15,16,1.055
257,6,weekday,16,17,1.387
258,6,weekday,17,18,1.381
259,6,weekday,18,19,1.313
260,6,weekday,19,20,1.033
261,6,weekday,20,21,0.996
262,6,weekday,21,22,1.033
263,6,weekday,22,23,0.562
264,6,weekday,23,24,0.562
265,6,weekend,0,1,0.569
266,6,weekend,1,2,0.553
267,6,weekend,2,3,0.545
268,6,weekend,3,4,0.587
269,6,weekend,4,5,0.934
270,6,weekend,5,6,1.033
271,6,weekend,6,7,1.429
272,6,weekend,7,8,1.418
273,6,weekend,8,9,1.442
274,6,weekend,9,10,1.036
275,6,weekend,10,11,0.96
276,6,weekend,11,12,0.827
277,6,weekend,12,13,0.835
278,6,weekend,13,14,1.033
279,6,weekend,14,15,0.993
280,6,weekend,15,16,1.034
281,6,weekend,16,17,1.465
282,6,weekend,17,18,1.49
283,6,weekend,18,19,1.377
284,6,weekend,19,20,1.126
285,6,weekend,20,21,1.092
286,6,weekend,21,22,1.098
287,6,weekend,22,23,0.571
288,6,weekend,23,24,0.552
289,7,weekday,0,1,0.122
290,7,weekday,1,2,0.123
291,7,weekday,2,3,0.136
292,7,weekday,3,4,0.181
293,7,weekday,4,5,0.775
294,7,weekday,5,6,0.983
295,7,weekday,6,7,1.693
296,7,weekday,7,8,1.67
297,7,weekday,8,9,1.685
298,7,weekday,9,10,1.318
299,7,weekday,10,11,1.179
300,7,weekday,11,12,0.964
301,7,weekday,12,13,0.98
302,7,weekday,13,14,1.241
303,7,weekday,14,15,1.307
304,7,weekday,15,16,1.11
305,7,weekday,16,17,1.774
306,7,weekday,17,18,1.762
307,7,weekday,18,19,1.625
308,7,weekday,19,20,1.067
309,7,weekday,20,21,0.991
310,7,weekday,21,22,1.067
311,7,weekday,22,23,0.123
312,7,weekday,23,24,0.124
313,7,weekend,0,1,0.139
314,7,weekend,1,2,0.105
315,7,weekend,2,3,0.091
316,7,weekend,3,4,0.175
317,7,weekend,4,5,0.868
318,7,weekend,5,6,1.067
319,7,weekend,6,7,1.857
320,7,weekend,7,8,1.835
321,7,weekend,8,9,1.885
322,7,weekend,9,10,1.072
323,7,weekend,10,11,0.921
324,7,weekend,11,12,0.654
325,7,weekend,12,13,0.67
326,7,weekend,13,14,1.066
327,7,weekend,14,15,0.985
328,7,weekend,15,16,1.069
329,7,weekend,16,17,1.93
330,7,weekend,17,18,1.981
331,7,weekend,18,19,1.753
332,7,weekend,19,20,1.252
333,7,weekend,20,21,1.184
334,7,weekend,21,22,1.196
335,7,weekend,22,23,0.142
336,7,weekend,23,24,0.104
337,8,weekday,0,1,0.561
338,8,weekday,1,2,0.562
339,8,weekday,2,3,0.568
340,8,weekday,3,4,0.59
341,8,weekday,4,5,0.887
342,8,weekday,5,6,0.991
343,8,weekday,6,7,1.347
344,8,weekday,7,8,1.335
345,8,weekday,8,9,1.343
346,8,weekday,9,10,1.159
347,8,weekday,10,11,1.089
348,8,weekday,11,12,0.982
349,8,weekday,12,13,0.99
350,8,weekday,13,14,1.12
351,8,weekday,14,15,1.154
352,8,weekday,15,16,1.055
353,8,weekday,16,17,1.387
354,8,weekday,17,18,1.381
355,8,weekday,18,19,1.313
356,8,weekday,19,20,1.033
357,8,weekday,20,21,0.996
358,8,weekday,21,22,1.033
359,8,weekday,22,23,0.562
360,8,weekday,23,24,0.562
361,8,weekend,0,1,0.569
362,8,weekend,1,2,0.553
363,8,weekend,2,3,0.545
364,8,weekend,3,4,0.587
365,8,weekend,4,5,0.934
366,8,weekend,5,6,1.033
367,8,weekend,6,7,1.429
368,8,weekend,7,8,1.418
369,8,weekend,8,9,1.442
370,8,weekend,9,10,1.036
371,8,weekend,10,11,0.96
372,8,weekend,11,12,0.827
373,8,weekend,12,13,0.835
374,8,weekend,13,14,1.033
375,8,weekend,14,15,0.993
376,8,weekend,15,16,1.034
377,8,weekend,16,17,1.465
378,8,weekend,17,18,1.49
379,8,weekend,18,19,1.377
380,8,weekend,19,20,1.126
381,8,weekend,20,21,1.092
382,8,weekend,21,22,1.098
383,8,weekend,22,23,0.571
384,8,weekend,23,24,0.552
385,9,weekday,0,1,0.373
386,9,weekday,1,2,0.374
387,9,weekday,2,3,0.383
388,9,weekday,3,4,0.415
389,9,weekday,4,5,0.839
390,9,weekday,5,6,0.988
391,9,weekday,6,7,1.495
392,9,weekday,7,8,1.479
393,9,weekday,8,9,1.489
394,9,weekday,9,10,1.227
395,9,weekday,10,11,1.128
396,9,weekday,11,12,0.974
397,9,weekday,12,13,0.986
398,9,weekday,13,14,1.172
399,9,weekday,14,15,1.219
400,9,weekday,15,16,1.079
401,9,weekday,16,17,1.553
402,9,weekday,17,18,1.544
403,9,weekday,18,19,1.447
404,9,weekday,19,20,1.048
405,9,weekday,20,21,0.994
406,9,weekday,21,22,1.048
407,9,weekday,22,23,0.374
408,9,weekday,23,24,0.374
409,9,weekend,0,1,0.385
410,9,weekend,1,2,0.361
411,9,weekend,2,3,0.351
412,9,weekend,3,4,0.411
413,9,weekend,4,5,0.906
414,9,weekend,5,6,1.048
415,9,weekend,6,7,1.612
416,9,weekend,7,8,1.597
417,9,weekend,8,9,1.632
418,9,weekend,9,10,1.052
419,9,weekend,10,11,0.943
420,9,weekend,11,12,0.753
421,9,weekend,12,13,0.764
422,9,weekend,13,14,1.047
423,9,weekend,14,15,0.989
424,9,weekend,15,16,1.049
425,9,weekend,16,17,1.664
426,9,weekend,17,18,1.701
427,9,weekend,18,19,1.538
428,9,weekend,19,20,1.18
429,9,weekend,20,21,1.131
430,9,weekend,21,22,1.14
431,9,weekend,22,23,0.387
432,9,weekend,23,24,0.36
433,10,weekday,0,1,0.122
434,10,weekday,1,2,0.123
435,10,weekday,2,3,0.136
436,10,weekday,3,4,0.181
437,10,weekday,4,5,0.775
438,10,weekday,5,6,0.983
439,10,weekday,6,7,1.693
440,10,weekday,7,8,1.67
441,10,weekday,8,9,1.685
442,10,weekday,9,10,1.318
443,10,weekday,10,11,1.179
444,10,weekday,11,12,0.964
445,10,weekday,12,13,0.98
446,10,weekday,13,14,1.241
447,10,weekday,14,15,1.307
448,10,weekday,15,16,1.11
449,10,weekday,16,17,1.774
450,10,weekday,17,18,1.762
451,10,weekday,18,19,1.625
452,10,weekday,19,20,1.067
453,10,weekday,20,21,0.991
454,10,weekday,21,22,1.067
455,10,weekday,22,23,0.123
456,10,weekday,23,24,0.124
457,10,weekend,0,1,0.139
458,10,weekend,1,2,0.105
459,10,weekend,2,3,0.091
460,10,weekend,3,4,0.175
461,10,weekend,4,5,0.868
462,10,weekend,5,6,1.067
463,10,weekend,6,7,1.857
464,10,weekend,7,8,1.835
465,10,weekend,8,9,1.885
466,10,weekend,9,10,1.072
467,10,weekend,10,11,0.921
468,10,weekend,11,12,0.654
469,10,weekend,12,13,0.67
470,10,weekend,13,14,1.066
471,10,weekend,14,15,0.985
472,10,weekend,15,16,1.069
473,10,weekend,16,17,1.93
474,10,weekend,17,18,1.981
475,10,weekend,18,19,1.753
476,10,weekend,19,20,1.252
477,10,weekend,20,21,1.184
478,10,weekend,21,22,1.196
479,10,weekend,22,23,0.142
480,10,weekend,23,24,0.104
481,11,weekday,0,1,0.122
482,11,weekday,1,2,0.123
483,11,weekday,2,3,0.136
484,11,weekday,3,4,0.181
485,11,weekday,4,5,0.775
486,11,weekday,5,6,0.983
487,11,weekday,6,7,1.693
488,11,weekday,7,8,1.67
489,11,weekday,8,9,1.685
490,11,weekday,9,10,1.318
491,11,weekday,10,11,1.179
492,11,weekday,11,12,0.964
493,11,weekday,12,13,0.98
494,11,weekday,13,14,1.241
495,11,weekday,14,15,1.307
496,11,weekday,15,16,1.11
497,11,weekday,16,17,1.774
498,11,weekday,17,18,1.762
499,11,weekday,18,19,1.625
500,11,weekday,19,20,1.067
501,11,weekday,20,21,0.991
502,11,weekday,21,22,1.067
503,11,weekday,22,23,0.123
504,11,weekday,23,24,0.124
505,11,weekend,0,1,0.139
506,11,weekend,1,2,0.105
507,11,weekend,2,3,0.091
508,11,weekend,3,4,0.175
509,11,weekend,4,5,0.868
510,11,weekend,5,6,1.067
511,11,weekend,6,7,1.857
512,11,weekend,7,8,1.835
513,11,weekend,8,9,1.885
514,11,weekend,9,10,1.072
515,11,weekend,10,11,0.921
516,11,weekend,11,12,0.654
517,11,weekend,12,13,0.67
518,11,weekend,13,14,1.066
519,11,weekend,14,15,0.985
520,11,weekend,15,16,1.069
521,11,weekend,16,17,1.93
522,11,weekend,17,18,1.981
523,11,weekend,18,19,1.753
524,11,weekend,19,20,1.252
525,11,weekend,20,21,1.184
526,11,weekend,21,22,1.196
527,11,weekend,22,23,0.142
528,11,weekend,23,24,0.104
529,12,weekday,0,1,0.561
530,12,weekday,1,2,0.562
531,12,weekday,2,3,0.568
532,12,weekday,3,4,0.59
533,12,weekday,4,5,0.887
534,12,weekday,5,6,0.991
535,12,weekday,6,7,1.347
536,12,weekday,7,8,1.335
537,12,weekday,8,9,1.343
538,12,weekday,9,10,1.159
539,12,weekday,10,11,1.089
540,12,weekday,11,12,0.982
541,12,weekday,12,13,0.99
542,12,weekday,13,14,1.12
543,12,weekday,14,15,1.154
544,12,weekday,15,16,1.055
545,12,weekday,16,17,1.387
546,12,weekday,17,18,1.381
547,12,weekday,18,19,1.313
548,12,weekday,19,20,1.033
549,12,weekday,20,21,0.996
550,12,weekday,21,22,1.033
551,12,weekday,22,23,0.562
552,12,weekday,23,24,0.562
553,12,weekend,0,1,0.569
554,12,weekend,1,2,0.553
555,12,weekend,2,3,0.545
556,12,weekend,3,4,0.587
557,12,weekend,4,5,0.934
558,12,weekend,5,6,1.033
559,12,weekend,6,7,1.429
560,12,weekend,7,8,1.418
561,12,weekend,8,9,1.442
562,12,weekend,9,10,1.036
563,12,weekend,10,11,0.96
564,12,weekend,11,12,0.827
565,12,weekend,12,13,0.835
566,12,weekend,13,14,1.033
567,12,weekend,14,15,0.993
568,12,weekend,15,16,1.034
569,12,weekend,16,17,1.465
570,12,weekend,17,18,1.49
571,12,weekend,18,19,1.377
572,12,weekend,19,20,1.126
573,12,weekend,20,21,1.092
574,12,weekend,21,22,1.098
575,12,weekend,22,23,0.571
576,12,weekend,23,24,0.552
577,13,weekday,0,1,0.122
578,13,weekday,1,2,0.123
579,13,weekday,2,3,0.136
580,13,weekday,3,4,0.181
581,13,weekday,4,5,0.775
582,13,weekday,5,6,0.983
583,13,weekday,6,7,1.693
584,13,weekday,7,8,1.67
585,13,weekday,8,9,1.685
586,13,weekday,9,10,1.318
587,13,weekday,10,11,1.179
588,13,weekday,11,12,0.964
589,13,weekday,12,13,0.98
590,13,weekday,13,14,1.241
591,13,weekday,14,15,1.307
592,13,weekday,15,16,1.11
593,13,weekday,16,17,1.774
594,13,weekday,17,18,1.762
595,13,weekday,18,19,1.625
596,13,weekday,19,20,1.067
597,13,weekday,20,21,0.991
598,13,weekday,21,22,1.067
599,13,weekday,22,23,0.123
600,13,weekday,23,24,0.124
601,13,weekend,0,1,0.139
602,13,weekend,1,2,0.105
603,13,weekend,2,3,0.091
604,13,weekend,3,4,0.175
605,13,weekend,4,5,0.868
606,13,weekend,5,6,1.067
607,13,weekend,6,7,1.857
608,13,weekend,7,8,1.835
609,13,weekend,8,9,1.885
610,13,weekend,9,10,1.072
611,13,weekend,10,11,0.921
612,13,weekend,11,12,0.654
613,13,weekend,12,13,0.67
614,13,weekend,13,14,1.066
615,13,weekend,14,15,0.985
616,13,weekend,15,16,1.069
617,13,weekend,16,17,1.93
618,13,weekend,17,18,1.981
619,13,weekend,18,19,1.753
620,13,weekend,19,20,1.252
621,13,weekend,20,21,1.184
622,13,weekend,21,22,1.196
623,13,weekend,22,23,0.142
624,13,weekend,23,24,0.104
625,14,weekday,0,1,0.561
626,14,weekday,1,2,0.562
627,14,weekday,2,3,0.568
628,14,weekday,3,4,0.59
629,14,weekday,4,5,0.887
630,14,weekday,5,6,0.991
631,14,weekday,6,7,1.347
632,14,weekday,7,8,1.335
633,14,weekday,8,9,1.343
634,14,weekday,9,10,1.159
635,14,weekday,10,11,1.089
636,14,weekday,11,12,0.982
637,14,weekday,12,13,0.99
638,14,weekday,13,14,1.12
639,14,weekday,14,15,1.154
640,14,weekday,15,16,1.055
641,14,weekday,16,17,1.387
642,14,weekday,17,18,1.381
643,14,weekday,18,19,1.313
644,14,weekday,19,20,1.033
645,14,weekday,20,21,0.996
646,14,weekday,21,22,1.033
647,14,weekday,22,23,0.562
648,14,weekday,23,24,0.562
649,14,weekend,0,1,0.569
650,14,weekend,1,2,0.553
651,14,weekend,2,3,0.545
652,14,weekend,3,4,0.587
653,14,weekend,4,5,0.934
654,14,weekend,5,6,1.033
655,14,weekend,6,7,1.429
656,14,weekend,7,8,1.418
657,14,weekend,8,9,1.442
658,14,weekend,9,10,1.036
659,14,weekend,10,11,0.96
660,14,weekend,11,12,0.827
661,14,weekend,12,13,0.835
662,14,weekend,13,14,1.033
663,14,weekend,14,15,0.993
664,14,weekend,15,16,1.034
665,14,weekend,16,17,1.465
666,14,weekend,17,18,1.49
667,14,weekend,18,19,1.377
668,14,weekend,19,20,1.126
669,14,weekend,20,21,1.092
670,14,weekend,21,22,1.098
671,14,weekend,22,23,0.571
672,14,weekend,23,24,0.552
673,15,weekday,0,1,0.373
674,15,weekday,1,2,0.374
675,15,weekday,2,3,0.383
676,15,weekday,3,4,0.415
677,15,weekday,4,5,0.839
678,15,weekday,5,6,0.988
679,15,weekday,6,7,1.495
680,15,weekday,7,8,1.479
681,15,weekday,8,9,1.489
682,15,weekday,9,10,1.227
683,15,weekday,10,11,1.128
684,15,weekday,11,12,0.974
685,15,weekday,12,13,0.986
686,15,weekday,13,14,1.172
687,15,weekday,14,15,1.219
688,15,weekday,15,16,1.079
689,15,weekday,16,17,1.553
690,15,weekday,17,18,1.544
691,15,weekday,18,19,1.447
692,15,weekday,19,20,1.048
693,15,weekday,20,21,0.994
694,15,weekday,21,22,1.048
695,15,weekday,22,23,0.374
696,15,weekday,23,24,0.374
697,15,weekend,0,1,0.385
698,15,weekend,1,2,0.361
699,15,weekend,2,3,0.351
700,15,weekend,3,4,0.411
701,15,weekend,4,5,0.906
702,15,weekend,5,6,1.048
703,15,weekend,6,7,1.612
704,15,weekend,7,8,1.597
705,15,weekend,8,9,1.632
706,15,weekend,9,10,1.052
707,15,weekend,10,11,0.943
708,15,weekend,11,12,0.753
709,15,weekend,12,13,0.764
710,15,weekend,13,14,1.047
711,15,weekend,14,15,0.989
712,15,weekend,15,16,1.049
713,15,weekend,16,17,1.664
714,15,weekend,17,18,1.701
715,15,weekend,18,19,1.538
716,15,weekend,19,20,1.18
717,15,weekend,20,21,1.131
718,15,weekend,21,22,1.14
719,15,weekend,22,23,0.387
720,15,weekend,23,24,0.36
721,16,weekday,0,1,0.561
722,16,weekday,1,2,0.562
723,16,weekday,2,3,0.568
724,16,weekday,3,4,0.59
725,16,weekday,4,5,0.887
726,16,weekday,5,6,0.991
727,16,weekday,6,7,1.347
728,16,weekday,7,8,1.335
729,16,weekday,8,9,1.343
730,16,weekday,9,10,1.159
731,16,weekday,10,11,1.089
732,16,weekday,11,12,0.982
733,16,weekday,12,13,0.99
734,16,weekday,13,14,1.12
735,16,weekday,14,15,1.154
736,16,weekday,15,16,1.055
737,16,weekday,16,17,1.387
738,16,weekday,17,18,1.381
739,16,weekday,18,19,1.313
740,16,weekday,19,20,1.033
741,16,weekday,20,21,0.996
742,16,weekday,21,22,1.033
743,16,weekday,22,23,0.562
744,16,weekday,23,24,0.562
745,16,weekend,0,1,0.569
746,16,weekend,1,2,0.553
747,16,weekend,2,3,0.545
748,16,weekend,3,4,0.587
749,16,weekend,4,5,0.934
750,16,weekend,5,6,1.033
751,16,weekend,6,7,1.429
752,16,weekend,7,8,1.418
753,16,weekend,8,9,1.442
754,16,weekend,9,10,1.036
755,16,weekend,10,11,0.96
756,16,weekend,11,12,0.827
757,16,weekend,12,13,0.835
758,16,weekend,13,14,1.033
759,16,weekend,14,15,0.993
760,16,weekend,15,16,1.034
761,16,weekend,16,17,1.465
762,16,weekend,17,18,1.49
763,16,weekend,18,19,1.377
764,16,weekend,19,20,1.126
765,16,weekend,20,21,1.092
766,16,weekend,21,22,1.098
767,16,weekend,22,23,0.571
768,16,weekend,23,24,0.552
769,17,weekday,0,1,0.122
770,17,weekday,1,2,0.123
771,17,weekday,2,3,0.136
772,17,weekday,3,4,0.181
773,17,weekday,4,5,0.775
774,17,weekday,5,6,0.983
775,17,weekday,6,7,1.693
776,17,weekday,7,8,1.67
777,17,weekday,8,9,1.685
778,17,weekday,9,10,1.318
779,17,weekday,10,11,1.179
780,17,weekday,11,12,0.964
781,17,weekday,12,13,0.98
782,17,weekday,13,14,1.241
783,17,weekday,14,15,1.307
784,17,weekday,15,16,1.11
785,17,weekday,16,17,1.774
786,17,weekday,17,18,1.762
787,17,weekday,18,19,1.625
788,17,weekday,19,20,1.067
789,17,weekday,20,21,0.991
790,17,weekday,21,22,1.067
791,17,weekday,22,23,0.123
792,17,weekday,23,24,0.124
793,17,weekend,0,1,0.139
794,17,weekend,1,2,0.105
795,17,weekend,2,3,0.091
796,17,weekend,3,4,0.175
797,17,weekend,4,5,0.868
798,17,weekend,5,6,1.067
799,17,weekend,6,7,1.857
800,17,weekend,7,8,1.835
801,17,weekend,8,9,1.885
802,17,weekend,9,10,1.072
803,17,weekend,10,11,0.921
804,17,weekend,11,12,0.654
805,17,weekend,12,13,0.67
806,17,weekend,13,14,1.066
807,17,weekend,14,15,0.985
808,17,weekend,15,16,1.069
809,17,weekend,16,17,1.93
810,17,weekend,17,18,1.981
811,17,weekend,18,19,1.753
812,17,weekend,19,20,1.252
813,17,weekend,20,21,1.184
814,17,weekend,21,22,1.196
815,17,weekend,22,23,0.142
816,17,weekend,23,24,0.104
817,18,weekday,0,1,0.373
818,18,weekday,1,2,0.374
819,18,weekday,2,3,0.383
820,18,weekday,3,4,0.415
821,18,weekday,4,5,0.839
822,18,weekday,5,6,0.988
823,18,weekday,6,7,1.495
824,18,weekday,7,8,1.479
825,18,weekday,8,9,1.489
826,18,weekday,9,10,1.227
827,18,weekday,10,11,1.128
828,18,weekday,11,12,0.974
829,18,weekday,12,13,0.986
830,18,weekday,13,14,1.172
831,18,weekday,14,15,1.219
832,18,weekday,15,16,1.079
833,18,weekday,16,17,1.553
834,18,weekday,17,18,1.544
835,18,weekday,18,19,1.447
836,18,weekday,19,20,1.048
837,18,weekday,20,21,0.994
838,18,weekday,21,22,1.048
839,18,weekday,22,23,0.374
840,18,weekday,23,24,0.374
841,18,weekend,0,1,0.385
842,18,weekend,1,2,0.361
843,18,weekend,2,3,0.351
844,18,weekend,3,4,0.411
845,18,weekend,4,5,0.906
846,18,weekend,5,6,1.048
847,18,weekend,6,7,1.612
848,18,weekend,7,8,1.597
849,18,weekend,8,9,1.632
850,18,weekend,9,10,1.052
851,18,weekend,10,11,0.943
852,18,weekend,11,12,0.753
853,18,weekend,12,13,0.764
854,18,weekend,13,14,1.047
855,18,weekend,14,15,0.989
856,18,weekend,15,16,1.049
857,18,weekend,16,17,1.664
858,18,weekend,17,18,1.701
859,18,weekend,18,19,1.538
860,18,weekend,19,20,1.18
861,18,weekend,20,21,1.131
862,18,weekend,21,22,1.14
863,18,weekend,22,23,0.387
864,18,weekend,23,24,0.36
865,19,weekday,0,1,0.122
866,19,weekday,1,2,0.123
867,19,weekday,2,3,0.136
868,19,weekday,3,4,0.181
869,19,weekday,4,5,0.775
870,19,weekday,5,6,0.983
871,19,weekday,6,7,1.693
872,19,weekday,7,8,1.67
873,19,weekday,8,9,1.685
874,19,weekday,9,10,1.318
875,19,weekday,10,11,1.179
876,19,weekday,11,12,0.964
877,19,weekday,12,13,0.98
878,19,weekday,13,14,1.241
879,19,weekday,14,15,1.307
880,19,weekday,15,16,1.11
881,19,weekday,16,17,1.774
882,19,weekday,17,18,1.762
883,19,weekday,18,19,1.625
884,19,weekday,19,20,1.067
885,19,weekday,20,21,0.991
886,19,weekday,21,22,1.067
887,19,weekday,22,23,0.123
888,19,weekday,23,24,0.124
889,19,weekend,0,1,0.139
890,19,weekend,1,2,0.105
891,19,weekend,2,3,0.091
892,19,weekend,3,4,0.175
893,19,weekend,4,5,0.868
894,19,weekend,5,6,1.067
895,19,weekend,6,7,1.857
896,19,weekend,7,8,1.835
897,19,weekend,8,9,1.885
898,19,weekend,9,10,1.072
899,19,weekend,10,11,0.921
900,19,weekend,11,12,0.654
901,19,weekend,12,13,0.67
902,19,weekend,13,14,1.066
903,19,weekend,14,15,0.985
904,19,weekend,15,16,1.069
905,19,weekend,16,17,1.93
906,19,weekend,17,18,1.981
907,19,weekend,18,19,1.753
908,19,weekend,19,20,1.252
909,19,weekend,20,21,1.184
910,19,weekend,21,22,1.196
911,19,weekend,22,23,0.142
912,19,weekend,23,24,0.104
913,20,weekday,0,1,0.122
914,20,weekday,1,2,0.123
915,20,weekday,2,3,0.136
916,20,weekday,3,4,0.181
917,20,weekday,4,5,0.775
918,20,weekday,5,6,0.983
919,20,weekday,6,7,1.693
920,20,weekday,7,8,1.67
921,20,weekday,8,9,1.685
922,20,weekday,9,10,1.318
923,20,weekday,10,11,1.179
924,20,weekday,11,12,0.964
925,20,weekday,12,13,0.98
926,20,weekday,13,14,1.241
927,20,weekday,14,15,1.307
928,20,weekday,15,16,1.11
929,20,weekday,16,17,1.774
930,20,weekday,17,18,1.762
931,20,weekday,18,19,1.625
932,20,weekday,19,20,1.067
933,20,weekday,20,21,0.991
934,20,weekday,21,22,1.067
935,20,weekday,22,23,0.123
936,20,weekday,23,24,0.124
937,20,weekend,0,1,0.139
938,20,weekend,1,2,0.105
939,20,weekend,2,3,0.091
940,20,weekend,3,4,0.175
941,20,weekend,4,5,0.868
942,20,weekend,5,6,1.067
943,20,weekend,6,7,1.857
944,20,weekend,7,8,1.835
945,20,weekend,8,9,1.885
946,20,weekend,9,10,1.072
947,20,weekend,10,11,0.921
948,20,weekend,11,12,0.654
949,20,weekend,12,13,0.67
950,20,weekend,13,14,1.066
951,20,weekend,14,15,0.985
952,20,weekend,15,16,1.069
953,20,weekend,16,17,1.93
954,20,weekend,17,18,1.981
955,20,weekend,18,19,1.753
956,20,weekend,19,20,1.252
957,20,weekend,20,21,1.184
958,20,weekend,21,22,1.196
959,20,weekend,22,23,0.142
960,20,weekend,23,24,0.104
961,21,weekday,0,1,0.561
962,21,weekday,1,2,0.562
963,21,weekday,2,3,0.568
964,21,weekday,3,4,0.59
965,21,weekday,4,5,0.887
966,21,weekday,5,6,0.991
967,21,weekday,6,7,1.347
968,21,weekday,7,8,1.335
969,21,weekday,8,9,1.343
970,21,weekday,9,10,1.159
971,21,weekday,10,11,1.089
972,21,weekday,11,12,0.982
973,21,weekday,12,13,0.99
974,21,weekday,13,14,1.12
975,21,weekday,14,15,1.154
976,21,weekday,15,16,1.055
977,21,weekday,16,17,1.387
978,21,weekday,17,18,1.381
979,21,weekday,18,19,1.313
980,21,weekday,19,20,1.033
981,21,weekday,20,21,0.996
982,21,weekday,21,22,1.033
983,21,weekday,22,23,0.562
984,21,weekday,23,24,0.562
985,21,weekend,0,1,0.569
986,21,weekend,1,2,0.553
987,21,weekend,2,3,0.545
988,21,weekend,3,4,0.587
989,21,weekend,4,5,0.934
990,21,weekend,5,6,1.033
991,21,weekend,6,7,1.429
992,21,weekend,7,8,1.418
993,21,weekend,8,9,1.442
994,21,weekend,9,10,1.036
995,21,weekend,10,11,0.96
996,21,weekend,11,12,0.827
997,21,weekend,12,13,0.835
998,21,weekend,13,14,1.033
999,21,weekend,14,15,0.993
1000,21,weekend,15,16,1.034
1001,21,weekend,16,17,1.465
1002,21,weekend,17,18,1.49
1003,21,weekend,18,19,1.377
1004,21,weekend,19,20,1.126
1005,21,weekend,20,21,1.092
1006,21,weekend,21,22,1.098
1007,21,weekend,22,23,0.571
1008,21,weekend,23,24,0.552
1009,22,weekday,0,1,0.122
1010,22,weekday,1,2,0.123
1011,22,weekday,2,3,0.136
1012,22,weekday,3,4,0.181
1013,22,weekday,4,5,0.775
1014,22,weekday,5,6,0.983
1015,22,weekday,6,7,1.693
1016,22,weekday,7,8,1.67
1017,22,weekday,8,9,1.685
1018,22,weekday,9,10,1.318
1019,22,weekday,10,11,1.179
1020,22,weekday,11,12,0.964
1021,22,weekday,12,13,0.98
1022,22,weekday,13,14,1.241
1023,22,weekday,14,15,1.307
1024,22,weekday,15,16,1.11
1025,22,weekday,16,17,1.774
1026,22,weekday,17,18,1.762
1027,22,weekday,18,19,1.625
1028,22,weekday,19,20,1.067
1029,22,weekday,20,21,0.991
1030,22,weekday,21,22,1.067
1031,22,weekday,22,23,0.123
1032,22,weekday,23,24,0.124
1033,22,weekend,0,1,0.139
1034,22,weekend,1,2,0.105
1035,22,weekend,2,3,0.091
1036,22,weekend,3,4,0.175
1037,22,weekend,4,5,0.868
1038,22,weekend,5,6,1.067
1039,22,weekend,6,7,1.857
1040,22,weekend,7,8,1.835
1041,22,weekend,8,9,1.885
1042,22,weekend,9,10,1.072
1043,22,weekend,10,11,0.921
1044,22,weekend,11,12,0.654
1045,22,weekend,12,13,0.67
1046,22,weekend,13,14,1.066
1047,22,weekend,14,15,0.985
1048,22,weekend,15,16,1.069
1049,22,weekend,16,17,1.93
1050,22,weekend,17,18,1.981
1051,22,weekend,18,19,1.753
1052,22,weekend,19,20,1.252
1053,22,weekend,20,21,1.184
1054,22,weekend,21,22,1.196
1055,22,weekend,22,23,0.142
1056,22,weekend,23,24,0.104
1057,23,weekday,0,1,0.122
1058,23,weekday,1,2,0.123
1059,23,weekday,2,3,0.136
1060,23,weekday,3,4,0.181
1061,23,weekday,4,5,0.775
1062,23,weekday,5,6,0.983
1063,23,weekday,6,7,1.693
1064,23,weekday,7,8,1.67
1065,23,weekday,8,9,1.685
1066,23,weekday,9,10,1.318
1067,23,weekday,10,11,1.179
1068,23,weekday,11,12,0.964
1069,23,weekday,12,13,0.98
1070,23,weekday,13,14,1.241
1071,23,weekday,14,15,1.307
1072,23,weekday,15,16,1.11
1073,23,weekday,16,17,1.774
1074,23,weekday,17,18,1.762
1075,23,weekday,18,19,1.625
1076,23,weekday,19,20,1.067
1077,23,weekday,20,21,0.991
1078,23,weekday,21,22,1.067
1079,23,weekday,22,23,0.123
1080,23,weekday,23,24,0.124
1081,23,weekend,0,1,0.139
1082,23,weekend,1,2,0.105
1083,23,weekend,2,3,0.091
1084,23,weekend,3,4,0.175
1085,23,weekend,4,5,0.868
1086,23,weekend,5,6,1.067
1087,23,weekend,6,7,1.857
1088,23,weekend,7,8,1.835
1089,23,weekend,8,9,1.885
1090,23,weekend,9,10,1.072
1091,23,weekend,10,11,0.921
1092,23,weekend,11,12,0.654
1093,23,weekend,12,13,0.67
1094,23,weekend,13,14,1.066
1095,23,weekend,14,15,0.985
1096,23,weekend,15,16,1.069
1097,23,weekend,16,17,1.93
1098,23,weekend,17,18,1.981
1099,23,weekend,18,19,1.753
1100,23,weekend,19,20,1.252
1101,23,weekend,20,21,1.184
1102,23,weekend,21,22,1.196
1103,23,weekend,22,23,0.142
1104,23,weekend,23,24,0.104
1105,24,weekday,0,1,0.561
1106,24,weekday,1,2,0.562
1107,24,weekday,2,3,0.568
1108,24,weekday,3,4,0.59
1109,24,weekday,4,5,0.887
1110,24,weekday,5,6,0.991
1111,24,weekday,6,7,1.347
1112,24,weekday,7,8,1.335
1113,24,weekday,8,9,1.343
1114,24,weekday,9,10,1.159
1115,24,weekday,10,11,1.089
1116,24,weekday,11,12,0.982
1117,24,weekday,12,13,0.99
1118,24,weekday,13,14,1.12
1119,24,weekday,14,15,1.154
1120,24,weekday,15,16,1.055
1121,24,weekday,16,17,1.387
1122,24,weekday,17,18,1.381
1123,24,weekday,18,19,1.313
1124,24,weekday,19,20,1.033
1125,24,weekday,20,21,0.996
1126,24,weekday,21,22,1.033
1127,24,weekday,22,23,0.562
1128,24,weekday,23,24,0.562
1129,24,weekend,0,1,0.569
1130,24,weekend,1,2,0.553
1131,24,weekend,2,3,0.545
1132,24,weekend,3,4,0.587
1133,24,weekend,4,5,0.934
1134,24,weekend,5,6,1.033
1135,24,weekend,6,7,1.429
1136,24,weekend,7,8,1.418
1137,24,weekend,8,9,1.442
1138,24,weekend,9,10,1.036
1139,24,weekend,10,11,0.96
1140,24,weekend,11,12,0.827
1141,24,weekend,12,13,0.835
1142,24,weekend,13,14,1.033
1143,24,weekend,14,15,0.993
1144,24,weekend,15,16,1.034
1145,24,weekend,16,17,1.465
1146,24,weekend,17,18,1.49
1147,24,weekend,18,19,1.377
1148,24,weekend,19,20,1.126
1149,24,weekend,20,21,1.092
1150,24,weekend,21,22,1.098
1151,24,weekend,22,23,0.571
1152,24,weekend,23,24,0.552
1153,25,weekday,0,1,0.373
1154,25,weekday,1,2,0.374
1155,25,weekday,2,3,0.383
1156,25,weekday,3,4,0.415
1157,25,weekday,4,5,0.839
1158,25,weekday,5,6,0.988
1159,25,weekday,6,7,1.495
1160,25,weekday,7,8,1.479
1161,25,weekday,8,9,1.489
1162,25,weekday,9,10,1.227
1163,25,weekday,10,11,1.128
1164,25,weekday,11,12,0.974
1165,25,weekday,12,13,0.986
1166,25,weekday,13,14,1.172
1167,25,weekday,14,15,1.219
1168,25,weekday,15,16,1.079
1169,25,weekday,16,17,1.553
1170,25,weekday,17,18,1.544
1171,25,weekday,18,19,1.447
1172,25,weekday,19,20,1.048
1173,25,weekday,20,21,0.994
1174,25,weekday,21,22,1.048
1175,25,weekday,22,23,0.374
1176,25,weekday,23,24,0.374
1177,25,weekend,0,1,0.385
1178,25,weekend,1,2,0.361
1179,25,weekend,2,3,0.351
1180,25,weekend,3,4,0.411
1181,25,weekend,4,5,0.906
1182,25,weekend,5,6,1.048
1183,25,weekend,6,7,1.612
1184,25,weekend,7,8,1.597
1185,25,weekend,8,9,1.632
1186,25,weekend,9,10,1.052
1187,25,weekend,10,11,0.943
1188,25,weekend,11,12,0.753
1189,25,weekend,12,13,0.764
1190,25,weekend,13,14,1.047
1191,25,weekend,14,15,0.989
1192,25,weekend,15,16,1.049
1193,25,weekend,16,17,1.664
1194,25,weekend,17,18,1.701
1195,25,weekend,18,19,1.538
1196,25,weekend,19,20,1.18
1197,25,weekend,20,21,1.131
1198,25,weekend,21,22,1.14
1199,25,weekend,22,23,0.387
1200,25,weekend,23,24,0.36
1201,26,weekday,0,1,0.561
1202,26,weekday,1,2,0.562
1203,26,weekday,2,3,0.568
1204,26,weekday,3,4,0.59
1205,26,weekday,4,5,0.887
1206,26,weekday,5,6,0.991
1207,26,weekday,6,7,1.347
1208,26,weekday,7,8,1.335
1209,26,weekday,8,9,1.343
1210,26,weekday,9,10,1.159
1211,26,weekday,10,11,1.089
1212,26,weekday,11,12,0.982
1213,26,weekday,12,13,0.99
1214,26,weekday,13,14,1.12
1215,26,weekday,14,15,1.154
1216,26,weekday,15,16,1.055
1217,26,weekday,16,17,1.387
1218,26,weekday,17,18,1.381
1219,26,weekday,18,19,1.313
1220,26,weekday,19,20,1.033
1221,26,weekday,20,21,0.996
1222,26,weekday,21,22,1.033
1223,26,weekday,22,23,0.562
1224,26,weekday,23,24,0.562
1225,26,weekend,0,1,0.569
1226,26,weekend,1,2,0.553
1227,26,weekend,2,3,0.545
1228,26,weekend,3,4,0.587
1229,26,weekend,4,5,0.934
1230,26,weekend,5,6,1.033
1231,26,weekend,6,7,1.429
1232,26,weekend,7,8,1.418
1233,26,weekend,8,9,1.442
1234,26,weekend,9,10,1.036
1235,26,weekend,10,11,0.96
1236,26,weekend,11,12,0.827
1237,26,weekend,12,13,0.835
1238,26,weekend,13,14,1.033
1239,26,weekend,14,15,0.993
1240,26,weekend,15,16,1.034
1241,26,weekend,16,17,1.465
1242,26,weekend,17,18,1.49
1243,26,weekend,18,19,1.377
1244,26,weekend,19,20,1.126
1245,26,weekend,20,21,1.092
1246,26,weekend,21,22,1.098
1247,26,weekend,22,23,0.571
1248,26,weekend,23,24,0.552
1249,27,weekday,0,1,0.373
1250,27,weekday,1,2,0.374
1251,27,weekday,2,3,0.383
1252,27,weekday,3,4,0.415
1253,27,weekday,4,5,0.839
1254,27,weekday,5,6,0.988
1255,27,weekday,6,7,1.495
1256,27,weekday,7,8,1.479
1257,27,weekday,8,9,1.489
1258,27,weekday,9,10,1.227
1259,27,weekday,10,11,1.128
1260,27,weekday,11,12,0.974
1261,27,weekday,12,13,0.986
1262,27,weekday,13,14,1.172
1263,27,weekday,14,15,1.219
1264,27,weekday,15,16,1.079
1265,27,weekday,16,17,1.553
1266,27,weekday,17,18,1.544
1267,27,weekday,18,19,1.447
1268,27,weekday,19,20,1.048
1269,27,weekday,20,21,0.994
1270,27,weekday,21,22,1.048
1271,27,weekday,22,23,0.374
1272,27,weekday,23,24,0.374
1273,27,weekend,0,1,0.385
1274,27,weekend,1,2,0.361
1275,27,weekend,2,3,0.351
1276,27,weekend,3,4,0.411
1277,27,weekend,4,5,0.906
1278,27,weekend,5,6,1.048
1279,27,weekend,6,7,1.612
1280,27,weekend,7,8,1.597
1281,27,weekend,8,9,1.632
1282,27,weekend,9,10,1.052
1283,27,weekend,10,11,0.943
1284,27,weekend,11,12,0.753
1285,27,weekend,12,13,0.764
1286,27,weekend,13,14,1.047
1287,27,weekend,14,15,0.989
1288,27,weekend,15,16,1.049
1289,27,weekend,16,17,1.664
1290,27,weekend,17,18,1.701
1291,27,weekend,18,19,1.538
1292,27,weekend,19,20,1.18
1293,27,weekend,20,21,1.131
1294,27,weekend,21,22,1.14
1295,27,weekend,22,23,0.387
1296,27,weekend,23,24,0.36
1297,28,weekday,0,1,0.373
1298,28,weekday,1,2,0.374
1299,28,weekday,2,3,0.383
1300,28,weekday,3,4,0.415
1301,28,weekday,4,5,0.839
1302,28,weekday,5,6,0.988
1303,28,weekday,6,7,1.495
1304,28,weekday,7,8,1.479
1305,28,weekday,8,9,1.489
1306,28,weekday,9,10,1.227
1307,28,weekday,10,11,1.128
1308,28,weekday,11,12,0.974
1309,28,weekday,12,13,0.986
1310,28,weekday,13,14,1.172
1311,28,weekday,14,15,1.219
1312,28,weekday,15,16,1.079
1313,28,weekday,16,17,1.553
1314,28,weekday,17,18,1.544
1315,28,weekday,18,19,1.447
1316,28,weekday,19,20,1.048
1317,28,weekday,20,21,0.994
1318,28,weekday,21,22,1.048
1319,28,weekday,22,23,0.374
1320,28,weekday,23,24,0.374
1321,28,weekend,0,1,0.385
1322,28,weekend,1,2,0.361
1323,28,weekend,2,3,0.351
1324,28,weekend,3,4,0.411
1325,28,weekend,4,5,0.906
1326,28,weekend,5,6,1.048
1327,28,weekend,6,7,1.612
1328,28,weekend,7,8,1.597
1329,28,weekend,8,9,1.632
1330,28,weekend,9,10,1.052
1331,28,weekend,10,11,0.943
1332,28,weekend,11,12,0.753
1333,28,weekend,12,13,0.764
1334,28,weekend,13,14,1.047
1335,28,weekend,14,15,0.989
1336,28,weekend,15,16,1.049
1337,28,weekend,16,17,1.664
1338,28,weekend,17,18,1.701
1339,28,weekend,18,19,1.538
1340,28,weekend,19,20,1.18
1341,28,weekend,20,21,1.131
1342,28,weekend,21,22,1.14
1343,28,weekend,22,23,0.387
1344,28,weekend,23,24,0.36
1345,29,weekday,0,1,0.122
1346,29,weekday,1,2,0.123
1347,29,weekday,2,3,0.136
1348,29,weekday,3,4,0.181
1349,29,weekday,4,5,0.775
1350,29,weekday,5,6,0.983
1351,29,weekday,6,7,1.693
1352,29,weekday,7,8,1.67
1353,29,weekday,8,9,1.685
1354,29,weekday,9,10,1.318
1355,29,weekday,10,11,1.179
1356,29,weekday,11,12,0.964
1357,29,weekday,12,13,0.98
1358,29,weekday,13,14,1.241
1359,29,weekday,14,15,1.307
1360,29,weekday,15,16,1.11
1361,29,weekday,16,17,1.774
1362,29,weekday,17,18,1.762
1363,29,weekday,18,19,1.625
1364,29,weekday,19,20,1.067
1365,29,weekday,20,21,0.991
1366,29,weekday,21,22,1.067
1367,29,weekday,22,23,0.123
1368,29,weekday,23,24,0.124
1369,29,weekend,0,1,0.139
1370,29,weekend,1,2,0.105
1371,29,weekend,2,3,0.091
1372,29,weekend,3,4,0.175
1373,29,weekend,4,5,0.868
1374,29,weekend,5,6,1.067
1375,29,weekend,6,7,1.857
1376,29,weekend,7,8,1.835
1377,29,weekend,8,9,1.885
1378,29,weekend,9,10,1.072
1379,29,weekend,10,11,0.921
1380,29,weekend,11,12,0.654
1381,29,weekend,12,13,0.67
1382,29,weekend,13,14,1.066
1383,29,weekend,14,15,0.985
1384,29,weekend,15,16,1.069
1385,29,weekend,16,17,1.93
1386,29,weekend,17,18,1.981
1387,29,weekend,18,19,1.753
1388,29,weekend,19,20,1.252
1389,29,weekend,20,21,1.184
1390,29,weekend,21,22,1.196
1391,29,weekend,22,23,0.142
1392,29,weekend,23,24,0.104
1393,30,weekday,0,1,0.561
1394,30,weekday,1,2,0.562
1395,30,weekday,2,3,0.568
1396,30,weekday,3,4,0.59
1397,30,weekday,4,5,0.887
1398,30,weekday,5,6,0.991
1399,30,weekday,6,7,1.347
1400,30,weekday,7,8,1.335
1401,30,weekday,8,9,1.343
1402,30,weekday,9,10,1.159
1403,30,weekday,10,11,1.089
1404,30,weekday,11,12,0.982
1405,30,weekday,12,13,0.99
1406,30,weekday,13,14,1.12
1407,30,weekday,14,15,1.154
1408,30,weekday,15,16,1.055
1409,30,weekday,16,17,1.387
1410,30,weekday,17,18,1.381
1411,30,weekday,18,19,1.313
1412,30,weekday,19,20,1.033
1413,30,weekday,20,21,0.996
1414,30,weekday,21,22,1.033
1415,30,weekday,22,23,0.562
1416,30,weekday,23,24,0.562
1417,30,weekend,0,1,0.569
1418,30,weekend,1,2,0.553
1419,30,weekend,2,3,0.545
1420,30,weekend,3,4,0.587
1421,30,weekend,4,5,0.934
1422,30,weekend,5,6,1.033
1423,30,weekend,6,7,1.429
1424,30,weekend,7,8,1.418
1425,30,weekend,8,9,1.442
1426,30,weekend,9,10,1.036
1427,30,weekend,10,11,0.96
1428,30,weekend,11,12,0.827
1429,30,weekend,12,13,0.835
1430,30,weekend,13,14,1.033
1431,30,weekend,14,15,0.993
1432,30,weekend,15,16,1.034
1433,30,weekend,16,17,1.465
1434,30,weekend,17,18,1.49
1435,30,weekend,18,19,1.377
1436,30,weekend,19,20,1.126
1437,30,weekend,20,21,1.092
1438,30,weekend,21,22,1.098
1439,30,weekend,22,23,0.571
1440,30,weekend,23,24,0.552
1441,31,weekday,0,1,0.373
1442,31,weekday,1,2,0.374
1443,31,weekday,2,3,0.383
1444,31,weekday,3,4,0.415
1445,31,weekday,4,5,0.839
1446,31,weekday,5,6,0.988
1447,31,weekday,6,7,1.495
1448,31,weekday,7,8,1.479
1449,31,weekday,8,9,1.489
1450,31,weekday,9,10,1.227
1451,31,weekday,10,11,1.128
1452,31,weekday,11,12,0.974
1453,31,weekday,12,13,0.986
1454,31,weekday,13,14,1.172
1455,31,weekday,14,15,1.219
1456,31,weekday,15,16,1.079
1457,31,weekday,16,17,1.553
1458,31,weekday,17,18,1.544
1459,31,weekday,18,19,1.447
1460,31,weekday,19,20,1.048
1461,31,weekday,20,21,0.994
1462,31,weekday,21,22,1.048
1463,31,weekday,22,23,0.374
1464,31,weekday,23,24,0.374
1465,31,weekend,0,1,0.385
1466,31,weekend,1,2,0.361
1467,31,weekend,2,3,0.351
1468,31,weekend,3,4,0.411
1469,31,weekend,4,5,0.906
1470,31,weekend,5,6,1.048
1471,31,weekend,6,7,1.612
1472,31,weekend,7,8,1.597
1473,31,weekend,8,9,1.632
1474,31,weekend,9,10,1.052
1475,31,weekend,10,11,0.943
1476,31,weekend,11,12,0.753
1477,31,weekend,12,13,0.764
1478,31,weekend,13,14,1.047
1479,31,weekend,14,15,0.989
1480,31,weekend,15,16,1.049
1481,31,weekend,16,17,1.664
1482,31,weekend,17,18,1.701
1483,31,weekend,18,19,1.538
1484,31,weekend,19,20,1.18
1485,31,weekend,20,21,1.131
1486,31,weekend,21,22,1.14
1487,31,weekend,22,23,0.387
1488,31,weekend,23,24,0.36
1489,32,weekday,0,1,0.561
1490,32,weekday,1,2,0.562
1491,32,weekday,2,3,0.568
1492,32,weekday,3,4,0.59
1493,32,weekday,4,5,0.887
1494,32,weekday,5,6,0.991
1495,32,weekday,6,7,1.347
1496,32,weekday,7,8,1.335
1497,32,weekday,8,9,1.343
1498,32,weekday,9,10,1.159
1499,32,weekday,10,11,1.089
1500,32,weekday,11,12,0.982
1501,32,weekday,12,13,0.99
1502,32,weekday,13,14,1.12
1503,32,weekday,14,15,1.154
1504,32,weekday,15,16,1.055
1505,32,weekday,16,17,1.387
1506,32,weekday,17,18,1.381
1507,32,weekday,18,19,1.313
1508,32,weekday,19,20,1.033
1509,32,weekday,20,21,0.996
1510,32,weekday,21,22,1.033
1511,32,weekday,22,23,0.562
1512,32,weekday,23,24,0.562
1513,32,weekend,0,1,0.569
1514,32,weekend,1,2,0.553
1515,32,weekend,2,3,0.545
1516,32,weekend,3,4,0.587
1517,32,weekend,4,5,0.934
1518,32,weekend,5,6,1.033
1519,32,weekend,6,7,1.429
1520,32,weekend,7,8,1.418
1521,32,weekend,8,9,1.442
1522,32,weekend,9,10,1.036
1523,32,weekend,10,11,0.96
1524,32,weekend,11,12,0.827
1525,32,weekend,12,13,0.835
1526,32,weekend,13,14,1.033
1527,32,weekend,14,15,0.993
1528,32,weekend,15,16,1.034
1529,32,weekend,16,17,1.465
1530,32,weekend,17,18,1.49
1531,32,weekend,18,19,1.377
1532,32,weekend,19,20,1.126
1533,32,weekend,20,21,1.092
1534,32,weekend,21,22,1.098
1535,32,weekend,22,23,0.571
1536,32,weekend,23,24,0.552
1537,33,weekday,0,1,0.373
1538,33,weekday,1,2,0.374
1539,33,weekday,2,3,0.383
1540,33,weekday,3,4,0.415
1541,33,weekday,4,5,0.839
1542,33,weekday,5,6,0.988
1543,33,weekday,6,7,1.495
1544,33,weekday,7,8,1.479
1545,33,weekday,8,9,1.489
1546,33,weekday,9,10,1.227
1547,33,weekday,10,11,1.128
1548,33,weekday,11,12,0.974
1549,33,weekday,12,13,0.986
1550,33,weekday,13,14,1.172
1551,33,weekday,14,15,1.219
1552,33,weekday,15,16,1.079
1553,33,weekday,16,17,1.553
1554,33,weekday,17,18,1.544
1555,33,weekday,18,19,1.447
1556,33,weekday,19,20,1.048
1557,33,weekday,20,21,0.994
1558,33,weekday,21,22,1.048
1559,33,weekday,22,23,0.374
1560,33,weekday,23,24,0.374
1561,33,weekend,0,1,0.385
1562,33,weekend,1,2,0.361
1563,33,weekend,2,3,0.351
1564,33,weekend,3,4,0.411
1565,33,weekend,4,5,0.906
1566,33,weekend,5,6,1.048
1567,33,weekend,6,7,1.612
1568,33,weekend,7,8,1.597
1569,33,weekend,8,9,1.632
1570,33,weekend,9,10,1.052
1571,33,weekend,10,11,0.943
1572,33,weekend,11,12,0.753
1573,33,weekend,12,13,0.764
1574,33,weekend,13,14,1.047
1575,33,weekend,14,15,0.989
1576,33,weekend,15,16,1.049
1577,33,weekend,16,17,1.664
1578,33,weekend,17,18,1.701
1579,33,weekend,18,19,1.538
1580,33,weekend,19,20,1.18
1581,33,weekend,20,21,1.131
1582,33,weekend,21,22,1.14
1583,33,weekend,22,23,0.387
1584,33,weekend,23,24,0.36
1585,34,weekday,0,1,0.561
1586,34,weekday,1,2,0.562
1587,34,weekday,2,3,0.568
1588,34,weekday,3,4,0.59
1589,34,weekday,4,5,0.887
1590,34,weekday,5,6,0.991
1591,34,weekday,6,7,1.347
1592,34,weekday,7,8,1.335
1593,34,weekday,8,9,1.343
1594,34,weekday,9,10,1.159
1595,34,weekday,10,11,1.089
1596,34,weekday,11,12,0.982
1597,34,weekday,12,13,0.99
1598,34,weekday,13,14,1.12
1599,34,weekday,14,15,1.154
1600,34,weekday,15,16,1.055
1601,34,weekday,16,17,1.387
1602,34,weekday,17,18,1.381
1603,34,weekday,18,19,1.313
1604,34,weekday,19,20,1.033
1605,34,weekday,20,21,0.996
1606,34,weekday,21,22,1.033
1607,34,weekday,22,23,0.562
1608,34,weekday,23,24,0.562
1609,34,weekend,0,1,0.569
1610,34,weekend,1,2,0.553
1611,34,weekend,2,3,0.545
1612,34,weekend,3,4,0.587
1613,34,weekend,4,5,0.934
1614,34,weekend,5,6,1.033
1615,34,weekend,6,7,1.429
1616,34,weekend,7,8,1.418
1617,34,weekend,8,9,1.442
1618,34,weekend,9,10,1.036
1619,34,weekend,10,11,0.96
1620,34,weekend,11,12,0.827
1621,34,weekend,12,13,0.835
1622,34,weekend,13,14,1.033
1623,34,weekend,14,15,0.993
1624,34,weekend,15,16,1.034
1625,34,weekend,16,17,1.465
1626,34,weekend,17,18,1.49
1627,34,weekend,18,19,1.377
1628,34,weekend,19,20,1.126
1629,34,weekend,20,21,1.092
1630,34,weekend,21,22,1.098
1631,34,weekend,22,23,0.571
1632,34,weekend,23,24,0.552
1633,35,weekday,0,1,0.122
1634,35,weekday,1,2,0.123
1635,35,weekday,2,3,0.136
1636,35,weekday,3,4,0.181
1637,35,weekday,4,5,0.775
1638,35,weekday,5,6,0.983
1639,35,weekday,6,7,1.693
1640,35,weekday,7,8,1.67
1641,35,weekday,8,9,1.685
1642,35,weekday,9,10,1.318
1643,35,weekday,10,11,1.179
1644,35,weekday,11,12,0.964
1645,35,weekday,12,13,0.98
1646,35,weekday,13,14,1.241
1647,35,weekday,14,15,1.307
1648,35,weekday,15,16,1.11
1649,35,weekday,16,17,1.774
1650,35,weekday,17,18,1.762
1651,35,weekday,18,19,1.625
1652,35,weekday,19,20,1.067
1653,35,weekday,20,21,0.991
1654,35,weekday,21,22,1.067
1655,35,weekday,22,23,0.123
1656,35,weekday,23,24,0.124
1657,35,weekend,0,1,0.139
1658,35,weekend,1,2,0.105
1659,35,weekend,2,3,0.091
1660,35,weekend,3,4,0.175
1661,35,weekend,4,5,0.868
1662,35,weekend,5,6,1.067
1663,35,weekend,6,7,1.857
1664,35,weekend,7,8,1.835
1665,35,weekend,8,9,1.885
1666,35,weekend,9,10,1.072
1667,35,weekend,10,11,0.921
1668,35,weekend,11,12,0.654
1669,35,weekend,12,13,0.67
1670,35,weekend,13,14,1.066
1671,35,weekend,14,15,0.985
1672,35,weekend,15,16,1.069
1673,35,weekend,16,17,1.93
1674,35,weekend,17,18,1.981
1675,35,weekend,18,19,1.753
1676,35,weekend,19,20,1.252
1677,35,weekend,20,21,1.184
1678,35,weekend,21,22,1.196
1679,35,weekend,22,23,0.142
1680,35,weekend,23,24,0.104
1681,36,weekday,0,1,0.122
1682,36,weekday,1,2,0.123
1683,36,weekday,2,3,0.136
1684,36,weekday,3,4,0.181
1685,36,weekday,4,5,0.775
1686,36,weekday,5,6,0.983
1687,36,weekday,6,7,1.693
1688,36,weekday,7,8,1.67
1689,36,weekday,8,9,1.685
1690,36,weekday,9,10,1.318
1691,36,weekday,10,11,1.179
1692,36,weekday,11,12,0.964
1693,36,weekday,12,13,0.98
1694,36,weekday,13,14,1.241
1695,36,weekday,14,15,1.307
1696,36,weekday,15,16,1.11
1697,36,weekday,16,17,1.774
1698,36,weekday,17,18,1.762
1699,36,weekday,18,19,1.625
1700,36,weekday,19,20,1.067
1701,36,weekday,20,21,0.991
1702,36,weekday,21,22,1.067
1703,36,weekday,22,23,0.123
1704,36,weekday,23,24,0.124
1705,36,weekend,0,1,0.139
1706,36,weekend,1,2,0.105
1707,36,weekend,2,3,0.091
1708,36,weekend,3,4,0.175
1709,36,weekend,4,5,0.868
1710,36,weekend,5,6,1.067
1711,36,weekend,6,7,1.857
1712,36,weekend,7,8,1.835
1713,36,weekend,8,9,1.885
1714,36,weekend,9,10,1.072
1715,36,weekend,10,11,0.921
1716,36,weekend,11,12,0.654
1717,36,weekend,12,13,0.67
1718,36,weekend,13,14,1.066
1719,36,weekend,14,15,0.985
1720,36,weekend,15,16,1.069
1721,36,weekend,16,17,1.93
1722,36,weekend,17,18,1.981
1723,36,weekend,18,19,1.753
1724,36,weekend,19,20,1.252
1725,36,weekend,20,21,1.184
1726,36,weekend,21,22,1.196
1727,36,weekend,22,23,0.142
1728,36,weekend,23,24,0.104
1729,37,weekday,0,1,0.561
1730,37,weekday,1,2,0.562
1731,37,weekday,2,3,0.568
1732,37,weekday,3,4,0.59
1733,37,weekday,4,5,0.887
1734,37,weekday,5,6,0.991
1735,37,weekday,6,7,1.347
1736,37,weekday,7,8,1.335
1737,37,weekday,8,9,1.343
1738,37,weekday,9,10,1.159
1739,37,weekday,10,11,1.089
1740,37,weekday,11,12,0.982
1741,37,weekday,12,13,0.99
1742,37,weekday,13,14,1.12
1743,37,weekday,14,15,1.154
1744,37,weekday,15,16,1.055
1745,37,weekday,16,17,1.387
1746,37,weekday,17,18,1.381
1747,37,weekday,18,19,1.313
1748,37,weekday,19,20,1.033
1749,37,weekday,20,21,0.996
1750,37,weekday,21,22,1.033
1751,37,weekday,22,23,0.562
1752,37,weekday,23,24,0.562
1753,37,weekend,0,1,0.569
1754,37,weekend,1,2,0.553
1755,37,weekend,2,3,0.545
1756,37,weekend,3,4,0.587
1757,37,weekend,4,5,0.934
1758,37,weekend,5,6,1.033
1759,37,weekend,6,7,1.429
1760,37,weekend,7,8,1.418
1761,37,weekend,8,9,1.442
1762,37,weekend,9,10,1.036
1763,37,weekend,10,11,0.96
1764,37,weekend,11,12,0.827
1765,37,weekend,12,13,0.835
1766,37,weekend,13,14,1.033
1767,37,weekend,14,15,0.993
1768,37,weekend,15,16,1.034
1769,37,weekend,16,17,1.465
1770,37,weekend,17,18,1.49
1771,37,weekend,18,19,1.377
1772,37,weekend,19,20,1.126
1773,37,weekend,20,21,1.092
1774,37,weekend,21,22,1.098
1775,37,weekend,22,23,0.571
1776,37,weekend,23,24,0.552
1777,38,weekday,0,1,0.373
1778,38,weekday,1,2,0.374
1779,38,weekday,2,3,0.383
1780,38,weekday,3,4,0.415
1781,38,weekday,4,5,0.839
1782,38,weekday,5,6,0.988
1783,38,weekday,6,7,1.495
1784,38,weekday,7,8,1.479
1785,38,weekday,8,9,1.489
1786,38,weekday,9,10,1.227
1787,38,weekday,10,11,1.128
1788,38,weekday,11,12,0.974
1789,38,weekday,12,13,0.986
1790,38,weekday,13,14,1.172
1791,38,weekday,14,15,1.219
1792,38,weekday,15,16,1.079
1793,38,weekday,16,17,1.553
1794,38,weekday,17,18,1.544
1795,38,weekday,18,19,1.447
1796,38,weekday,19,20,1.048
1797,38,weekday,20,21,0.994
1798,38,weekday,21,22,1.048
1799,38,weekday,22,23,0.374
1800,38,weekday,23,24,0.374
1801,38,weekend,0,1,0.385
1802,38,weekend,1,2,0.361
1803,38,weekend,2,3,0.351
1804,38,weekend,3,4,0.411
1805,38,weekend,4,5,0.906
1806,38,weekend,5,6,1.048
1807,38,weekend,6,7,1.612
1808,38,weekend,7,8,1.597
1809,38,weekend,8,9,1.632
1810,38,weekend,9,10,1.052
1811,38,weekend,10,11,0.943
1812,38,weekend,11,12,0.753
1813,38,weekend,12,13,0.764
1814,38,weekend,13,14,1.047
1815,38,weekend,14,15,0.989
1816,38,weekend,15,16,1.049
1817,38,weekend,16,17,1.664
1818,38,weekend,17,18,1.701
1819,38,weekend,18,19,1.538
1820,38,weekend,19,20,1.18
1821,38,weekend,20,21,1.131
1822,38,weekend,21,22,1.14
1823,38,weekend,22,23,0.387
1824,38,weekend,23,24,0.36
1825,39,weekday,0,1,0.122
1826,39,weekday,1,2,0.123
1827,39,weekday,2,3,0.136
1828,39,weekday,3,4,0.181
1829,39,weekday,4,5,0.775
1830,39,weekday,5,6,0.983
1831,39,weekday,6,7,1.693
1832,39,weekday,7,8,1.67
1833,39,weekday,8,9,1.685
1834,39,weekday,9,10,1.318
1835,39,weekday,10,11,1.179
1836,39,weekday,11,12,0.964
1837,39,weekday,12,13,0.98
1838,39,weekday,13,14,1.241
1839,39,weekday,14,15,1.307
1840,39,weekday,15,16,1.11
1841,39,weekday,16,17,1.774
1842,39,weekday,17,18,1.762
1843,39,weekday,18,19,1.625
1844,39,weekday,19,20,1.067
1845,39,weekday,20,21,0.991
1846,39,weekday,21,22,1.067
1847,39,weekday,22,23,0.123
1848,39,weekday,23,24,0.124
1849,39,weekend,0,1,0.139
1850,39,weekend,1,2,0.105
1851,39,weekend,2,3,0.091
1852,39,weekend,3,4,0.175
1853,39,weekend,4,5,0.868
1854,39,weekend,5,6,1.067
1855,39,weekend,6,7,1.857
1856,39,weekend,7,8,1.835
1857,39,weekend,8,9,1.885
1858,39,weekend,9,10,1.072
1859,39,weekend,10,11,0.921
1860,39,weekend,11,12,0.654
1861,39,weekend,12,13,0.67
1862,39,weekend,13,14,1.066
1863,39,weekend,14,15,0.985
1864,39,weekend,15,16,1.069
1865,39,weekend,16,17,1.93
1866,39,weekend,17,18,1.981
1867,39,weekend,18,19,1.753
1868,39,weekend,19,20,1.252
1869,39,weekend,20,21,1.184
1870,39,weekend,21,22,1.196
1871,39,weekend,22,23,0.142
1872,39,weekend,23,24,0.104
1873,40,weekday,0,1,0.373
1874,40,weekday,1,2,0.374
1875,40,weekday,2,3,0.383
1876,40,weekday,3,4,0.415
1877,40,weekday,4,5,0.839
1878,40,weekday,5,6,0.988
1879,40,weekday,6,7,1.495
1880,40,weekday,7,8,1.479
1881,40,weekday,8,9,1.489
1882,40,weekday,9,10,1.227
1883,40,weekday,10,11,1.128
1884,40,weekday,11,12,0.974
1885,40,weekday,12,13,0.986
1886,40,weekday,13,14,1.172
1887,40,weekday,14,15,1.219
1888,40,weekday,15,16,1.079
1889,40,weekday,16,17,1.553
1890,40,weekday,17,18,1.544
1891,40,weekday,18,19,1.447
1892,40,weekday,19,20,1.048
1893,40,weekday,20,21,0.994
1894,40,weekday,21,22,1.048
1895,40,weekday,22,23,0.374
1896,40,weekday,23,24,0.374
1897,40,weekend,0,1,0.385
1898,40,weekend,1,2,0.361
1899,40,weekend,2,3,0.351
1900,40,weekend,3,4,0.411
1901,40,weekend,4,5,0.906
1902,40,weekend,5,6,1.048
1903,40,weekend,6,7,1.612
1904,40,weekend,7,8,1.597
1905,40,weekend,8,9,1.632
1906,40,weekend,9,10,1.052
1907,40,weekend,10,11,0.943
1908,40,weekend,11,12,0.753
1909,40,weekend,12,13,0.764
1910,40,weekend,13,14,1.047
1911,40,weekend,14,15,0.989
1912,40,weekend,15,16,1.049
1913,40,weekend,16,17,1.664
1914,40,weekend,17,18,1.701
1915,40,weekend,18,19,1.538
1916,40,weekend,19,20,1.18
1917,40,weekend,20,21,1.131
1918,40,weekend,21,22,1.14
1919,40,weekend,22,23,0.387
1920,40,weekend,23,24,0.36
